범죄분류,서울_종로,서울_중구,서울_용산,서울_성동,서울_광진,서울_동대문,서울_중랑,서울_성북,서울_강북,서울_도봉,서울_노원,서울_은평,서울_서대문,서울_마포,서울_양천,서울_강서,서울_구로,서울_금천,서울_영등포,서울_동작,서울_관악,서울_서초,서울_강남,서울_송파,서울_강동,부산_중구,부산_서구,부산_동구,부산_영도,부산_부산진,부산_동래,부산_남구,부산_북구,부산_해운대,부산_사하,부산_금정,부산_강서,부산_연제,부산_수영,부산_사상,부산_기장군,대구_중구,대구_동구,대구_서구,대구_남구,대구_북구,대구_수성,대구_달서,대구_달성군,인천_중구,인천_동구,인천_서구,인천_미추홀,인천_연수,인천_남동,인천_부평,인천_계양,인천_강화군,인천_옹진군,광주_동구,광주_서구,광주_남구,광주_북구,광주_광산,대전_중구,대전_동구,대전_서구,대전_유성,대전_대덕,울산_중구,울산_동구,울산_남구,울산_북구,울산_울주군,부천,수원,성남,전주,안양,청주,창원,광명,포항,안산,진주,고양,제주,목포,의정부,익산,군산,구미,천안,여수,춘천,원주,평택,경주,김해,순천,군포,남양주,강릉,충주,안동,경산,아산,거제,김천,정읍,용인,시흥,파주,양산,이천,구리,서산,제천,논산,기타 도시,도시이외
절도,1519,2205,1020,976,1870,1542,1659,1087,1228,791,1505,1566,1217,2215,1483,2053,1917,1132,2418,1333,2260,2289,2986,2413,1654,705,609,724,353,2443,936,936,807,1307,1019,1031,478,887,803,1023,499,1482,1265,689,726,1340,1099,2058,631,848,190,1331,1754,1017,1688,2390,733,169,30,603,1193,615,1444,1095,1225,1178,1789,1026,646,637,513,1042,407,617,3710,5199,3252,2211,1748,3437,3705,1065,2002,2974,1609,2404,2328,1171,1604,1098,933,1535,3340,928,879,1306,2188,1026,2207,796,658,1507,731,836,460,1087,1298,823,416,364,2346,1769,942,1281,829,833,471,393,448,15603,9511
장물,18,11,5,4,7,7,4,6,9,3,8,4,2,8,4,2,0,1,6,3,7,6,26,8,3,23,5,83,2,24,7,10,10,19,11,8,3,7,5,9,6,4,3,0,1,1,1,5,3,75,3,23,9,3,40,25,3,0,0,1,3,2,1,1,1,1,4,7,2,1,1,4,5,1,9,21,11,2,5,10,10,1,4,8,1,5,6,1,2,2,0,6,11,0,1,12,11,1,5,3,1,10,5,2,0,0,1,1,1,0,4,2,2,3,3,1,0,0,0,100,13
사기,1920,2637,1503,1695,1742,1857,1668,1443,1879,1241,1724,2027,1526,1922,1627,2744,2231,1817,3323,1496,2698,4997,8364,3460,1742,949,977,1268,595,3108,1786,2184,2185,2867,1837,1611,985,2017,821,2311,962,1192,2322,1223,1125,2328,2695,3541,821,1369,339,2987,2765,1553,2986,2671,1548,246,77,954,2586,843,1984,2146,1667,1852,2909,1734,1183,1348,876,2632,775,1231,6285,8303,5466,3576,2823,5135,6611,1516,3065,4420,1875,5549,3242,1383,2612,1509,2108,3451,4352,1434,1382,2180,4130,2738,4374,1403,1191,3085,1052,1179,875,1056,1453,1429,627,501,4135,2742,2726,1918,1299,1136,1031,803,792,35666,15721
횡령,687,718,611,499,667,669,570,361,389,319,572,473,467,961,452,745,666,382,931,581,841,1190,1696,1513,459,221,118,177,84,874,288,248,206,417,252,227,134,235,176,159,165,432,466,187,195,396,380,558,121,510,81,660,855,297,721,731,319,76,11,240,366,142,500,496,255,202,445,210,165,131,96,357,87,142,1180,1587,1255,523,753,712,864,309,305,1006,212,1759,583,280,714,194,201,276,866,305,195,278,599,299,531,290,214,620,189,165,121,279,289,240,106,66,868,589,491,221,184,229,139,94,98,5183,2128
배임,47,77,36,36,25,34,22,24,19,19,26,28,21,57,42,48,52,36,88,36,26,171,239,95,45,33,11,16,11,49,33,40,21,61,26,42,31,39,19,26,18,12,22,29,7,30,46,45,10,18,9,43,43,23,38,42,11,8,6,29,33,20,38,51,17,9,36,41,9,13,16,44,6,31,63,80,87,66,43,75,108,20,43,42,33,80,78,17,37,22,22,39,96,41,16,41,60,20,64,25,15,40,20,13,10,16,19,30,11,14,111,29,34,21,15,13,17,20,9,721,840
손괴,353,339,339,284,363,304,543,284,437,275,512,442,361,408,362,584,463,322,638,401,459,468,667,648,448,148,132,182,108,571,285,336,283,290,320,237,100,237,219,251,126,263,436,312,243,423,354,587,189,176,83,535,581,288,640,728,346,86,15,189,357,232,380,355,211,253,559,237,220,249,224,438,163,184,1178,1609,920,411,591,1091,1042,325,629,1103,391,984,945,443,639,339,305,516,857,392,311,440,924,277,676,331,229,655,316,265,165,358,482,226,154,82,900,815,451,284,358,337,256,145,146,5926,3184
살인,4,5,3,6,4,7,10,3,6,1,4,3,2,2,7,8,10,6,10,5,12,5,9,8,6,3,1,0,4,8,4,5,1,3,10,10,1,3,3,9,1,1,8,0,4,6,7,10,6,2,1,6,10,8,11,6,5,2,0,3,4,3,6,2,5,3,4,6,0,8,3,3,1,4,15,16,4,19,6,14,20,1,5,10,4,11,17,6,5,11,7,5,14,3,5,2,8,3,2,4,4,14,3,5,5,3,7,4,2,1,9,3,5,4,2,1,1,3,7,110,77
강도,8,6,6,9,6,12,4,3,2,6,3,1,5,2,5,4,4,12,5,1,11,5,6,9,14,4,4,10,5,16,6,2,3,5,4,12,0,3,4,4,1,4,5,7,2,3,4,8,2,6,0,5,10,7,12,15,5,0,0,4,4,1,16,4,6,8,8,2,1,7,2,14,2,2,12,22,14,12,7,22,10,5,4,15,3,9,14,8,4,2,7,4,13,3,4,8,12,5,9,1,2,7,4,2,1,3,12,2,3,1,7,15,4,6,1,3,1,6,0,91,37
방화,8,10,9,2,7,7,15,10,4,7,8,13,9,5,7,24,8,9,16,11,18,9,8,14,13,4,2,5,6,15,8,7,5,7,7,4,2,5,3,13,4,2,11,6,10,8,9,9,7,3,3,10,11,6,13,16,9,1,0,6,11,5,15,5,13,9,14,7,5,4,0,5,3,7,16,23,16,11,12,22,19,5,11,21,4,26,19,13,17,6,11,14,17,8,8,5,24,8,7,6,4,15,11,10,7,7,9,2,4,5,11,11,9,9,6,8,8,9,8,127,125
성폭력,350,293,344,188,398,223,183,243,227,122,257,266,252,664,180,406,341,194,489,350,538,766,1257,428,247,82,51,74,39,430,119,124,117,252,155,117,60,132,95,130,59,207,206,81,89,183,157,276,92,144,25,324,334,174,405,485,163,31,9,96,244,79,241,181,203,132,393,188,69,98,81,226,70,85,579,872,608,407,322,472,484,167,204,505,153,481,387,183,286,122,157,207,399,114,147,231,262,119,217,147,131,271,124,98,67,149,143,111,61,61,410,301,193,112,137,127,77,66,42,2596,1507
폭행,1361,1225,1439,835,1119,1338,1490,990,1573,690,1464,1227,838,1408,1000,1458,1697,1085,1827,1103,1774,1758,2144,1749,1329,476,293,510,379,1863,830,654,865,1194,815,604,224,779,617,785,330,859,914,759,593,1330,752,1364,438,615,282,2247,2142,955,2103,2843,1212,167,30,583,1447,552,1430,1319,999,735,1714,740,652,606,528,1155,398,474,3020,4769,2841,1773,1884,2348,2839,1022,1367,2984,792,2881,1910,1003,2303,948,947,879,1669,1107,705,824,2412,629,1732,869,735,1471,691,411,425,902,1011,680,438,244,2078,1889,1012,915,889,976,458,287,222,14738,6910
상해,222,202,154,144,172,166,217,157,223,123,213,225,173,157,109,219,223,168,271,154,221,182,422,297,212,151,110,189,125,592,250,250,317,312,286,212,124,222,180,285,133,313,292,205,182,372,300,553,223,197,54,207,354,143,321,329,116,73,15,141,251,154,341,256,162,146,385,218,127,217,151,344,150,243,439,684,654,520,339,757,1041,202,576,504,344,437,534,337,278,200,297,330,568,326,314,367,611,256,522,368,107,272,271,177,169,232,316,307,129,109,269,320,281,316,157,151,203,106,141,4619,3550
협박,95,90,118,99,156,138,161,133,147,112,226,167,114,144,123,214,146,153,243,110,174,168,278,263,144,35,42,65,42,222,90,103,118,163,90,104,61,107,77,125,41,58,145,71,71,184,137,223,57,66,30,230,219,103,246,250,149,21,2,60,154,59,158,136,127,93,235,130,87,65,57,119,64,85,458,643,406,204,226,387,337,141,148,404,139,408,358,154,221,85,78,133,279,173,123,143,320,77,179,141,92,213,75,85,81,136,159,107,91,52,328,263,165,126,128,83,59,58,43,2295,1352
공갈,45,35,23,30,48,39,33,43,33,23,37,44,45,41,29,44,48,16,50,56,51,59,139,55,34,10,18,14,11,53,19,31,29,44,25,25,17,42,14,31,22,29,17,15,17,23,30,48,10,39,5,72,70,65,66,72,28,5,1,11,39,16,29,43,41,24,50,23,25,19,6,31,13,16,127,160,75,96,94,109,107,16,57,73,18,74,68,20,30,20,30,77,49,34,32,27,53,23,106,23,18,66,28,23,12,18,23,18,28,16,76,55,33,40,14,16,25,8,10,636,310
약취와 유인,2,1,1,2,1,1,3,3,2,0,3,3,2,0,0,2,3,3,3,0,6,8,6,3,2,0,1,0,0,0,1,3,2,2,1,1,0,2,1,1,1,0,1,1,0,0,0,0,0,2,0,0,2,1,1,3,2,1,0,2,0,0,0,2,1,2,1,1,0,0,0,1,0,1,6,4,2,1,3,6,7,2,0,7,1,13,3,5,3,1,2,4,2,0,1,4,3,1,0,0,0,4,2,1,0,0,2,1,0,0,6,5,4,2,1,0,1,0,2,28,19
체포와 감금,11,6,6,3,11,9,11,5,7,6,12,12,7,12,4,27,5,7,16,7,14,16,15,13,8,2,2,1,1,11,2,3,5,11,4,4,2,4,3,7,4,5,8,4,5,17,12,16,13,9,2,25,104,7,28,29,14,0,0,4,21,6,16,13,10,3,14,9,4,8,8,20,2,3,15,26,22,13,10,24,22,11,16,24,3,23,30,10,25,13,8,12,27,9,8,8,28,9,21,6,6,22,13,7,4,9,15,7,5,4,24,11,14,7,4,8,0,7,1,144,101
"폭력행위등(손괴,강요,주거침입등)",12,14,2,3,3,6,4,6,11,8,5,5,2,7,4,7,8,3,13,5,11,5,8,6,5,0,0,2,2,4,0,1,6,6,1,1,5,1,6,2,3,7,5,0,2,8,7,8,4,0,0,23,12,5,1,7,4,0,0,2,3,3,6,2,5,2,7,1,2,4,2,9,1,2,21,28,10,9,6,4,8,3,8,15,1,15,9,9,3,4,6,11,7,7,12,11,14,4,5,8,3,7,4,1,2,7,6,6,2,6,7,5,9,4,9,6,3,1,1,108,71
"폭력행위 등(단체 등의 구성,활동)",1,3,3,0,0,0,0,1,0,0,1,0,0,0,1,0,0,0,1,2,1,2,3,2,5,0,0,0,9,3,1,1,0,0,0,1,0,1,0,1,0,0,0,0,1,1,0,1,1,0,0,1,0,1,0,0,0,0,0,0,0,1,3,0,0,0,0,1,0,1,0,0,0,0,1,8,3,34,2,10,0,1,0,8,1,2,1,0,1,5,3,2,2,0,2,0,4,0,0,0,0,1,0,1,0,0,1,0,0,1,1,3,0,2,0,1,1,1,0,8,3
통화,26,108,12,4,9,25,7,13,4,7,7,9,5,14,9,16,10,13,18,5,8,22,52,20,11,4,0,0,1,4,2,5,1,2,2,0,2,0,4,2,0,5,4,1,0,3,5,3,3,44,6,18,11,5,25,15,3,1,0,1,4,0,2,4,3,3,13,2,2,2,1,9,0,1,11,27,25,3,10,6,5,1,4,6,1,22,5,2,6,3,0,4,16,1,7,3,27,1,3,0,3,9,3,2,7,2,6,1,0,1,10,3,5,1,2,4,8,1,0,71,26
"유가증권,인지,우표",3,5,5,2,0,3,1,1,3,0,1,3,2,4,0,0,0,0,5,0,4,9,14,3,4,1,1,0,0,7,1,0,0,2,1,0,1,0,0,1,0,1,1,2,0,3,2,0,0,2,0,1,1,0,3,0,1,0,0,1,3,0,0,1,0,1,0,1,0,0,0,0,0,1,4,2,1,2,6,2,2,0,3,4,0,7,2,0,3,0,0,0,1,0,0,0,1,1,0,0,0,1,0,0,0,0,0,1,0,0,6,0,1,0,1,0,0,0,0,30,7
문서,154,134,87,76,91,78,83,47,50,67,96,78,71,115,99,131,119,78,148,67,106,628,339,225,108,54,31,42,23,174,87,54,63,128,79,67,44,111,34,67,35,119,110,36,44,96,165,93,46,73,21,114,293,51,119,105,61,26,3,118,140,38,95,98,68,54,154,55,31,29,31,98,22,59,191,330,215,214,152,296,301,44,83,229,106,227,155,81,118,74,143,87,178,80,101,107,137,60,115,94,32,125,62,55,44,46,68,47,29,37,164,112,94,82,35,56,50,39,48,1875,926
인장,30,1,3,5,5,6,5,6,1,1,4,2,3,2,2,6,1,1,6,2,2,5,12,5,2,0,2,2,2,2,1,1,3,2,3,1,3,1,2,2,0,0,3,2,0,3,3,1,6,4,1,1,10,8,9,7,3,0,0,3,3,1,5,8,2,0,3,1,0,0,0,6,1,3,5,6,5,6,5,17,8,3,3,6,0,6,1,3,2,3,5,6,5,4,1,6,4,3,11,1,1,9,4,1,2,4,2,3,3,0,6,0,5,1,3,0,2,2,1,73,74
직무유기,29,19,10,3,11,7,3,2,6,5,1,1,7,14,20,9,7,2,11,4,7,68,18,23,8,5,1,8,5,9,8,2,8,7,15,10,9,26,1,14,8,3,3,4,0,6,14,2,2,5,0,2,92,2,5,9,1,5,0,44,4,1,20,3,1,2,9,4,2,3,0,4,0,4,6,21,5,38,4,22,31,1,8,6,8,12,20,7,8,1,7,6,11,7,28,4,4,8,2,11,0,1,5,4,16,2,1,1,9,8,4,6,3,5,2,7,6,3,6,168,135
직권남용,60,14,17,2,14,10,9,2,10,16,9,8,18,15,28,8,17,7,39,2,8,156,16,34,10,3,3,4,3,13,7,6,7,15,17,9,7,13,2,17,3,7,5,0,2,3,12,8,2,22,0,5,144,1,8,5,4,12,0,14,14,0,16,4,4,1,12,4,0,4,0,2,1,5,7,32,8,53,18,19,26,4,2,7,10,23,28,12,11,3,8,12,4,9,47,4,14,6,4,16,3,2,6,6,16,2,5,3,9,5,6,5,5,2,1,4,1,1,2,196,138
수뢰,13,4,2,3,7,3,1,5,2,1,1,3,2,2,3,3,2,0,8,3,2,22,29,9,2,1,0,0,4,3,6,2,2,9,1,5,8,3,2,8,5,3,2,1,0,6,5,1,0,1,1,4,3,2,1,0,1,0,0,5,3,0,1,2,2,2,1,6,4,1,0,1,0,4,3,6,6,9,5,6,9,2,4,5,1,3,2,6,4,4,7,2,4,2,2,4,2,2,1,2,1,1,2,4,1,0,1,0,3,0,7,2,0,1,3,0,2,0,1,94,60
증뢰,3,4,5,2,0,1,0,2,0,0,0,1,2,0,0,0,1,0,2,0,0,6,19,3,0,1,0,0,2,1,2,0,1,3,1,2,1,3,2,1,0,1,0,0,0,0,2,1,0,1,0,2,1,0,1,0,1,0,0,1,0,0,0,2,1,1,0,3,4,0,0,1,0,1,1,4,4,3,0,0,2,0,1,3,1,1,0,1,3,1,1,1,2,0,0,2,2,1,0,0,0,1,2,2,0,0,0,0,0,0,3,1,1,0,0,0,1,0,0,36,14
도박과 복표,43,50,29,25,78,41,83,22,25,28,38,59,20,55,41,29,37,34,38,24,38,31,127,31,31,25,37,18,7,64,19,41,48,24,77,126,10,279,10,44,9,25,66,26,31,91,75,89,16,23,12,39,62,20,182,53,98,6,1,13,52,26,49,41,23,9,50,19,10,81,24,192,10,16,104,306,172,112,139,97,93,33,79,102,34,132,75,56,64,35,118,61,45,44,110,139,61,24,60,23,18,53,14,28,49,79,43,27,26,10,77,54,32,13,26,13,12,10,5,1098,656
신앙,1,1,0,1,3,0,1,0,0,0,3,0,0,0,1,86,1,1,2,0,0,2,6,0,7,0,0,0,1,0,0,0,0,1,0,0,0,0,0,0,0,0,1,0,0,1,1,0,0,0,0,0,0,0,0,0,0,0,0,1,2,0,1,0,0,0,1,0,0,0,0,0,1,1,0,15,2,1,0,4,2,0,2,1,3,3,9,1,0,1,5,2,3,3,6,1,1,3,4,2,1,1,3,0,8,1,0,1,3,6,0,2,2,0,6,1,3,3,3,49,70
기타 음란행위,10,27,19,20,37,21,27,29,27,15,30,23,18,36,32,30,32,22,53,34,49,34,31,41,33,4,2,8,2,34,12,14,12,20,10,14,5,9,17,15,10,8,16,10,5,25,19,35,9,11,7,34,40,17,51,58,27,1,0,9,13,10,21,16,17,19,46,12,10,10,10,29,9,13,70,106,64,29,48,54,33,20,16,65,16,61,50,16,32,12,15,22,37,14,4,24,29,14,20,12,5,36,12,6,4,16,11,9,7,1,45,27,10,9,12,9,4,3,2,268,82
과실치사상,33,37,25,24,17,22,24,17,27,10,46,34,20,17,22,34,31,15,19,25,28,48,47,44,26,7,9,6,4,33,10,21,14,20,18,21,7,10,18,10,7,19,23,16,16,28,18,32,13,17,3,33,43,16,32,42,22,2,0,8,10,10,17,20,10,18,17,10,10,6,13,17,5,11,28,78,37,25,33,62,69,21,16,30,14,75,37,12,36,10,3,24,28,12,22,21,36,6,31,10,6,44,23,12,12,15,17,8,9,3,49,18,20,14,26,20,11,7,10,317,249
업무상 과실치사상,26,24,14,14,7,7,16,12,8,11,19,14,11,11,17,29,18,11,27,10,17,44,71,29,35,8,22,11,12,38,33,15,6,24,27,4,21,15,15,17,17,16,18,10,20,14,11,22,16,19,4,41,14,19,19,29,8,7,12,10,15,7,23,24,13,12,18,14,5,6,18,28,11,18,41,61,47,22,32,66,55,14,34,31,12,63,58,15,12,17,43,18,42,52,36,33,47,25,25,12,3,34,19,34,10,13,12,18,15,8,73,41,38,40,23,9,11,15,6,527,543
실화,12,11,7,10,15,11,9,12,13,15,10,11,15,8,7,9,10,11,9,10,18,27,37,25,5,6,9,7,15,18,8,9,7,12,6,5,8,6,8,6,2,6,10,5,2,6,7,16,7,8,1,23,12,10,13,18,9,7,1,6,12,11,10,12,10,4,14,15,6,5,5,5,8,6,34,70,21,21,30,80,23,4,30,35,10,47,41,12,22,17,15,8,36,26,17,17,46,10,20,8,11,44,12,20,5,20,33,4,13,9,48,28,25,14,12,7,4,9,9,316,241
명예,269,260,191,218,225,244,202,226,211,205,228,247,201,349,277,374,270,157,308,223,340,453,515,386,173,80,103,104,61,366,190,175,207,327,227,168,71,243,96,216,86,127,166,85,75,173,276,211,117,104,46,264,275,185,267,297,173,37,5,139,195,102,197,170,174,116,237,160,68,77,59,186,49,84,562,746,613,313,302,438,503,221,209,315,174,559,336,194,250,133,145,182,383,192,158,146,316,119,274,183,107,250,85,85,83,164,111,150,59,70,351,233,217,166,95,121,120,49,66,3263,1759
권리행사 방해,36,44,45,65,52,55,70,45,70,51,52,60,37,44,43,85,54,36,112,50,79,108,175,87,63,18,20,22,38,132,41,54,51,79,89,47,41,60,24,35,38,20,77,47,38,87,65,107,33,40,15,166,167,84,129,109,68,15,5,29,112,51,87,81,71,50,184,67,49,48,34,54,31,47,160,282,149,237,72,236,217,33,138,164,72,210,138,51,105,81,113,116,225,66,42,101,172,81,175,62,33,127,51,55,41,56,83,85,27,29,163,85,119,95,65,34,62,38,47,1630,940
신용업무 경매,269,218,192,122,157,222,265,124,243,83,151,193,138,170,140,271,239,219,376,121,298,283,371,309,199,82,54,98,53,265,117,91,124,187,81,87,43,122,77,79,50,84,164,139,71,117,115,212,43,96,28,266,289,92,234,281,142,44,1,112,175,81,189,165,145,74,182,79,48,96,81,232,35,78,439,676,497,162,300,323,331,145,147,429,116,482,408,189,249,81,69,122,277,136,85,170,363,74,205,102,103,241,109,71,63,100,118,102,59,38,234,228,148,119,122,128,68,41,59,2098,1108
주거 침입,102,104,178,79,172,120,152,115,136,61,118,121,177,146,114,205,195,117,204,147,291,175,282,232,94,27,30,41,27,201,76,92,53,115,70,77,29,81,66,43,36,56,99,79,64,96,92,142,50,39,21,117,259,66,145,174,79,14,3,40,76,70,97,94,102,63,131,82,63,55,46,101,30,63,268,473,268,130,137,261,241,112,111,338,128,272,534,149,154,83,152,121,242,92,123,209,270,46,147,68,57,159,77,68,73,130,136,83,47,30,203,179,101,72,98,73,99,42,34,1612,1070
비밀침해,3,3,1,1,1,0,3,0,1,0,2,4,0,0,1,2,0,0,1,0,1,4,2,2,1,0,1,0,0,4,0,1,0,2,2,3,1,1,1,0,0,0,1,1,0,0,1,1,0,3,0,1,1,1,1,2,0,0,0,0,0,0,2,0,1,1,3,0,0,1,0,0,1,0,3,4,2,2,1,1,3,2,0,2,0,2,1,0,1,0,0,0,1,0,0,0,2,0,2,0,2,2,0,0,0,0,1,0,0,0,1,2,0,0,0,2,0,1,0,13,4
유기,2,1,0,2,1,2,3,1,2,0,2,0,1,2,2,2,0,1,0,2,118,3,3,0,1,0,0,0,1,2,0,0,0,0,2,0,0,1,1,1,0,0,0,0,1,0,0,0,2,0,0,8,4,3,0,1,1,0,0,0,5,3,0,1,0,1,2,1,1,0,0,0,1,1,4,3,2,2,1,2,2,0,2,2,1,2,2,1,2,0,1,1,2,1,0,2,0,1,1,1,1,1,2,0,0,4,1,3,0,0,1,1,0,1,0,0,0,0,0,9,3
교통방해,5,3,3,2,2,3,7,2,1,2,5,2,6,2,1,4,4,2,2,4,3,7,1,6,1,1,1,0,4,5,3,4,1,9,4,6,2,1,0,3,4,0,3,2,4,8,3,5,6,2,0,10,5,3,6,6,2,14,4,1,2,2,8,5,2,4,3,3,1,4,3,5,3,10,7,15,5,7,4,30,14,2,16,13,5,15,19,6,3,4,15,2,21,13,6,12,12,12,4,9,1,11,15,7,7,7,8,11,5,4,28,11,19,11,12,9,13,6,23,252,384
공무방해,134,88,124,46,92,119,97,82,134,83,59,85,69,117,54,170,79,90,138,51,155,177,153,141,78,38,21,30,22,152,68,65,73,97,72,26,17,91,47,64,20,60,76,65,43,97,71,120,38,48,11,713,138,36,123,94,59,11,5,25,65,19,48,57,66,63,95,56,35,53,30,114,29,39,203,216,168,99,113,166,229,39,95,130,81,163,203,89,89,50,39,79,164,93,121,94,190,59,154,65,77,82,48,39,36,69,43,74,20,31,108,76,74,73,41,42,52,22,18,1097,623
도주와 범인 은닉,0,1,2,1,2,2,0,0,1,1,0,0,1,0,3,1,4,0,1,0,0,5,22,3,5,1,1,1,0,6,0,1,2,3,1,1,1,3,3,5,1,5,1,1,1,5,8,9,2,0,0,3,10,1,8,2,0,0,0,3,2,0,5,2,0,5,3,0,1,0,0,3,1,2,0,7,0,3,1,7,4,0,8,4,0,4,1,3,3,2,0,4,11,1,8,1,3,4,2,3,3,4,1,0,2,0,4,3,2,0,5,0,2,4,0,0,0,0,0,50,32
위증과 증거인멸,17,4,3,8,13,5,1,6,4,72,6,4,1,70,56,10,5,2,7,8,2,294,22,71,6,3,3,1,1,6,2,8,6,48,5,14,20,128,0,3,4,0,1,1,2,2,145,20,2,3,1,3,135,1,1,5,0,2,0,80,6,1,7,6,0,1,84,6,1,0,1,33,1,1,31,103,47,57,30,44,87,3,35,27,20,49,42,27,67,2,24,4,27,2,41,21,25,18,5,83,0,2,20,8,12,2,3,0,24,4,5,4,7,0,3,2,23,8,14,218,106
무고,56,32,38,23,26,47,23,32,32,83,35,32,27,91,85,41,27,17,51,30,48,225,129,97,35,10,14,22,14,71,38,28,31,87,35,34,25,80,6,43,12,21,15,19,14,22,70,46,18,20,4,23,94,19,32,25,19,12,0,66,26,20,25,22,22,11,69,25,5,11,13,39,2,18,70,152,95,67,66,76,90,19,39,55,57,132,66,51,82,14,25,37,76,34,50,44,45,11,41,42,8,34,27,14,20,22,20,25,22,19,46,27,30,15,17,10,23,24,27,607,369
공안을 해하는 죄,2,2,0,0,0,0,62,0,3,0,0,7,1,0,6,0,0,2,0,3,1,3,0,3,1,0,0,0,0,0,0,0,0,0,0,0,0,3,0,0,0,0,0,0,0,0,1,1,0,0,0,1,0,0,0,0,0,0,0,2,3,0,0,0,0,0,0,0,0,0,0,0,1,0,4,2,1,1,1,1,2,0,4,5,0,0,0,0,0,0,0,1,1,0,0,0,0,0,0,0,0,0,0,0,0,1,0,0,0,0,0,0,0,0,0,0,0,0,0,33,6
내란의 죄,4,0,0,0,0,0,0,0,0,0,0,0,0,0,0,0,1,0,0,0,0,4,0,0,0,0,0,0,0,0,0,0,0,0,0,0,0,0,0,0,0,0,0,0,0,0,0,0,0,0,0,0,0,0,0,0,0,0,0,0,0,0,0,0,0,0,0,0,0,0,0,0,0,0,0,0,0,1,0,0,0,0,0,0,0,0,0,0,0,0,0,0,0,0,0,0,0,0,0,0,0,0,0,0,0,0,0,0,0,0,0,0,0,0,0,0,0,0,0,4,2
음용수에 관한 죄,0,0,0,0,0,0,0,2,0,0,0,0,0,0,0,0,0,0,0,0,0,0,0,0,1,0,0,0,0,0,0,0,0,0,0,0,0,0,0,0,0,0,0,0,0,0,0,0,0,0,0,0,0,0,0,0,0,0,0,0,0,0,0,0,0,0,0,0,0,0,0,0,0,1,0,0,0,0,0,0,0,0,0,0,0,0,0,0,1,0,0,0,1,0,0,0,0,0,0,0,0,0,0,0,0,0,0,0,0,0,0,0,0,1,0,0,0,0,0,4,5
일수와 수리에 관한 죄,0,0,0,0,0,0,0,0,0,0,0,0,0,0,0,0,0,0,0,0,0,0,0,0,0,0,0,0,0,0,0,0,0,0,0,0,0,0,0,0,0,0,0,0,0,0,0,0,1,0,0,0,0,0,0,0,0,0,0,0,0,0,0,0,0,0,1,0,0,0,0,0,0,0,0,0,0,0,0,0,0,0,0,0,0,0,0,0,0,0,0,0,1,0,1,0,0,0,1,0,0,0,0,0,0,0,0,0,0,0,0,0,0,0,0,0,0,1,0,0,4
기타,1,0,1,0,0,0,0,0,1,0,0,0,0,1,1,1,0,0,1,1,0,1,1,1,0,0,0,0,0,1,0,0,0,0,0,0,0,0,0,0,0,0,0,0,0,0,0,1,1,0,0,0,0,0,0,0,0,0,0,1,0,0,0,0,0,0,0,1,3,0,0,0,0,0,0,1,0,0,0,0,0,0,0,0,0,1,0,0,2,0,0,0,0,0,0,0,0,0,0,0,0,0,0,1,0,0,0,0,0,0,0,0,0,0,0,0,0,0,0,24,8
가정폭력범죄의 처벌 등에 관한 특례법,1,1,5,2,0,3,10,1,3,0,10,3,3,2,4,5,0,2,1,2,2,7,6,3,1,0,2,0,0,0,1,0,0,0,0,1,0,0,1,0,1,2,18,8,4,7,11,16,2,3,0,10,2,1,6,4,1,0,0,2,0,4,2,6,8,4,1,6,2,0,0,2,1,0,5,4,3,1,2,12,2,5,0,15,2,4,1,4,5,0,1,1,2,2,0,5,2,1,2,6,1,7,0,1,1,0,1,2,1,0,1,14,3,3,3,2,0,1,0,38,13
가축분뇨의관리및이용에관한법률,0,0,0,0,0,0,0,0,0,0,0,0,0,0,0,0,0,0,0,1,0,0,0,0,0,0,0,0,0,0,0,0,0,0,0,0,1,0,0,0,13,0,0,0,0,0,0,0,0,0,0,2,0,0,0,0,0,2,0,0,0,3,0,0,0,0,0,1,0,0,0,0,1,11,0,0,1,20,0,9,7,0,3,0,6,5,23,1,0,38,6,8,19,1,2,1,22,8,22,2,0,12,2,4,0,9,4,1,4,18,9,0,8,5,27,0,4,2,9,254,345
감염병의예방및관리에관한법률,2,0,0,0,0,2,0,0,0,0,0,1,0,1,0,5,0,0,0,0,4,3,12,12,3,0,0,4,0,1,0,1,1,2,0,0,0,0,1,0,0,0,3,1,1,0,1,0,0,8,0,2,9,0,0,0,0,0,0,0,0,0,1,0,0,0,0,0,0,0,0,0,0,3,12,19,5,3,2,0,0,0,2,1,2,0,0,3,1,0,0,2,0,0,0,5,2,1,1,0,2,0,0,0,0,1,5,2,1,0,0,3,0,0,0,7,0,0,0,25,28
개발제한구역의 지정 및 관리에 관한 특별조치법,1,0,0,0,0,0,5,4,6,1,9,3,0,1,0,5,1,0,0,0,0,2,34,1,3,0,0,0,0,0,0,0,2,11,0,12,12,0,0,0,71,1,5,0,0,4,3,0,0,1,0,19,0,0,60,1,10,0,0,0,0,0,0,3,1,5,0,4,0,0,0,0,2,2,1,2,6,0,6,0,12,2,0,5,0,36,0,0,2,0,0,0,0,0,0,0,0,0,20,0,9,111,0,0,0,0,0,0,0,0,0,8,0,6,0,18,0,0,0,123,6
개인정보보호법,18,10,15,10,7,13,11,7,7,7,13,12,11,27,13,18,9,8,23,10,20,62,59,28,14,4,1,10,5,15,15,7,15,13,6,14,6,14,2,3,4,10,8,5,4,7,19,7,5,7,2,14,66,12,14,22,6,0,0,14,15,7,15,13,7,10,20,10,5,4,4,7,4,10,17,31,35,19,11,27,43,12,12,11,9,43,15,12,15,6,5,4,19,6,10,11,15,6,10,11,10,9,5,3,4,7,8,9,4,2,19,7,15,7,4,5,8,3,6,160,90
건강기능식품에관한법률,1,0,0,1,5,3,0,1,1,4,3,2,3,4,1,1,0,4,2,1,2,1,5,0,1,4,8,2,0,6,0,3,1,2,0,1,1,0,2,0,1,3,2,0,2,0,2,4,0,0,2,10,3,0,7,5,4,0,0,0,0,0,0,1,1,1,8,3,4,0,0,0,0,0,4,2,5,1,4,0,24,4,0,9,7,13,1,0,1,0,1,3,1,1,0,2,2,0,2,0,2,3,0,0,4,1,0,1,0,0,3,0,5,1,0,0,0,1,1,30,24
건설기계 관리법,0,5,0,2,0,3,1,1,1,0,2,3,0,1,1,2,0,0,4,0,3,3,1,1,0,0,0,0,0,2,2,1,1,0,0,0,6,3,0,4,1,1,6,2,0,10,0,4,4,4,3,7,3,1,2,4,3,1,1,1,1,0,5,3,0,1,0,2,0,0,0,2,1,5,5,3,9,1,3,4,16,1,1,1,2,6,0,1,1,2,2,5,0,0,2,9,672,2,12,7,0,7,2,2,0,1,0,0,0,3,10,4,1,2,2,1,1,0,2,76,69
건설산업 기본법,4,2,0,9,5,10,9,7,5,1,4,4,4,3,8,11,17,4,6,5,9,10,21,20,5,1,3,0,1,10,7,5,6,5,3,7,2,5,3,5,3,1,3,0,0,6,2,1,0,2,0,5,5,3,5,8,2,2,0,5,1,2,2,5,24,3,2,5,2,3,0,4,2,4,13,17,27,21,6,9,5,1,3,12,4,36,15,0,9,8,4,1,9,4,3,6,10,2,5,4,2,4,3,2,2,1,4,1,2,0,15,16,10,4,6,7,1,1,1,162,76
건축법,5,2,7,18,32,3,5,5,12,1,2,2,8,32,7,6,17,3,10,22,6,21,8,10,7,7,7,4,2,8,12,2,5,13,34,45,65,11,20,0,32,0,2,1,1,3,2,13,0,10,14,42,13,17,28,14,49,25,16,3,7,6,1,6,19,18,22,37,6,3,0,0,1,15,39,39,17,32,6,129,12,2,45,10,6,308,70,2,3,28,15,3,74,4,56,54,65,12,26,11,1,29,9,5,42,20,121,4,6,0,94,3,14,9,33,2,30,25,26,854,640
게임산업진흥에관한법률,24,14,3,14,23,45,40,43,41,34,32,48,23,20,47,45,37,29,36,14,84,27,14,30,18,34,2,8,13,24,19,21,19,26,27,27,21,29,14,40,25,5,22,37,21,42,30,83,6,25,6,54,65,17,46,59,29,3,1,25,42,11,41,45,28,22,39,23,11,13,24,38,16,12,43,100,59,70,14,95,64,32,52,106,13,54,47,40,53,18,17,50,45,41,18,48,67,14,41,37,15,28,25,20,9,22,35,33,11,2,74,40,44,18,11,38,12,10,8,449,263
결혼중개업의관리에관한법률,1,3,0,0,0,2,1,1,2,1,3,2,0,0,0,1,2,0,0,0,0,1,2,0,0,0,0,0,1,1,0,0,0,0,0,0,0,0,0,0,0,0,0,0,0,0,0,0,1,1,0,1,0,0,4,0,1,0,0,0,1,0,1,0,0,2,3,0,0,0,1,0,0,0,0,1,1,1,0,1,3,0,2,2,0,2,0,1,0,0,1,0,0,0,1,1,0,0,0,0,1,0,0,0,1,0,1,1,1,0,1,1,2,0,0,0,0,0,0,12,11
경범죄처벌법,65,82,119,27,50,69,129,37,117,48,87,73,84,64,56,150,81,82,216,21,141,65,62,84,71,10,15,22,16,64,16,43,41,45,41,56,2,37,19,20,7,30,61,37,28,67,26,100,21,45,32,65,102,36,80,92,43,5,0,18,41,10,41,22,36,35,38,46,18,41,26,54,8,7,210,322,247,75,103,69,124,68,37,218,28,98,112,67,92,18,10,42,86,49,53,35,154,24,71,43,34,63,14,30,23,18,11,16,9,6,76,84,28,23,26,48,12,11,16,574,216
고용보험법,15,44,1,1,0,6,1,0,1,1,57,1,2,29,1,9,32,2,22,0,5,20,48,99,3,1,2,1,0,44,0,0,23,2,13,2,2,7,26,1,0,1,28,18,1,16,20,9,1,17,12,39,28,20,108,8,63,1,1,1,0,0,48,12,0,0,46,0,0,4,1,166,4,3,46,24,39,37,72,32,84,24,40,97,17,48,27,21,29,20,19,25,46,5,7,9,56,27,57,5,3,19,7,15,2,13,9,24,4,1,20,60,18,45,11,5,4,10,7,291,58
공유수면관리및매립에관한법률,0,0,0,0,0,0,0,0,0,0,0,0,0,0,0,0,0,0,0,0,0,0,0,0,0,0,0,0,0,0,0,0,0,2,3,0,1,0,0,0,329,0,0,0,0,1,0,0,0,0,0,0,0,1114,0,0,0,1,255,0,0,0,0,0,0,0,0,0,0,0,1,0,4,4,0,0,0,0,0,5,447,0,89,3,0,2,8,0,0,0,13,0,1,3,5,4,0,5,1,0,0,4,1,0,1,0,0,1,0,0,0,0,0,0,0,1,0,1,2,480,3248
공유재산및물품관리법,0,1,0,0,0,0,0,0,0,0,0,0,0,0,1,0,0,0,1,0,0,0,0,0,0,0,0,0,1,0,0,1,1,1354,0,0,1,0,0,0,0,0,0,0,0,0,0,1,0,5,0,3,1,1,0,1,0,0,0,0,0,0,0,1,0,0,0,0,0,0,0,0,0,0,1,0,0,0,0,0,0,1,1,1,0,0,9,0,4,0,127,0,1,1,0,0,1,1,3,0,0,0,0,1,0,0,0,0,0,0,3,0,1,0,2,0,1,0,0,11,18
공인중개사법,11,11,9,4,3,5,3,3,7,1,4,4,2,5,5,5,2,2,4,4,22,16,17,11,2,2,3,6,1,10,5,2,5,4,7,2,4,10,5,5,3,3,2,3,8,3,12,7,4,3,0,7,5,19,7,2,6,3,0,12,8,4,6,6,4,2,6,9,2,1,0,4,1,6,3,11,7,5,1,12,2,4,22,6,2,14,4,6,4,6,1,5,13,0,4,1,18,5,11,2,0,6,7,1,3,14,2,5,2,1,13,7,11,9,12,0,2,0,3,145,73
공중위생관리법,41,108,129,1,2,23,3,2,1,2,7,4,35,243,2,4,5,0,7,3,4,22,35,23,9,5,1,18,4,114,5,19,5,77,7,5,1,11,76,2,7,7,2,0,1,7,4,4,0,18,0,8,7,3,0,8,1,23,8,9,8,4,7,4,4,2,7,1,2,2,0,2,1,3,8,8,21,9,6,5,4,3,6,14,9,50,117,6,6,2,0,0,8,20,2,7,3,3,5,9,4,7,6,0,0,0,3,14,1,0,13,6,11,8,1,2,3,0,0,232,68
공직선거법,6,0,0,0,0,0,0,1,0,0,0,0,0,0,0,0,0,2,2,0,1,0,1,0,0,0,0,0,0,0,0,0,0,0,0,0,0,0,0,0,0,0,1,1,0,0,0,0,0,0,0,1,0,0,0,0,0,1,0,1,2,0,0,0,0,0,1,0,0,0,0,0,0,0,0,5,1,3,1,0,4,0,0,1,0,1,0,0,0,0,0,1,2,3,0,0,0,1,0,0,2,0,0,0,2,0,0,0,0,0,0,0,0,0,0,0,0,0,0,21,13
관세법,3,9,2,0,3,1,1,0,0,0,2,0,0,1,1,5,0,1,1,0,0,2,4,1,1,42,0,1,0,2,1,1,0,0,0,0,33,2,0,0,2,8,2,0,0,0,3,6,1,434,0,10,6,1,1,0,0,0,0,0,0,0,0,0,0,0,0,1,0,0,0,1,0,0,2,1,2,2,2,7,3,4,3,4,0,1,1,0,2,0,4,1,2,0,2,0,16,0,5,0,1,0,0,0,0,0,0,0,0,1,0,2,0,3,0,0,0,0,0,38,4
교통사고 처리특례법,988,1081,1069,974,845,1304,1402,1358,1145,712,1462,999,981,1296,1356,1502,1363,810,2134,1254,1188,2081,3185,2689,1309,249,401,508,310,1460,973,797,653,989,973,708,569,764,685,812,492,739,1733,1070,824,2130,2149,3075,804,586,152,1321,926,617,1558,1108,722,184,21,570,1955,862,2132,1931,1234,1312,2498,1949,852,575,495,1274,568,762,3269,4473,3572,2049,1428,4346,2867,1018,2435,3361,709,3396,2664,1663,1646,1245,1116,1648,2636,1346,1477,1732,2818,1389,1982,1282,634,2166,840,1198,883,1014,894,826,531,488,3183,2248,1519,1149,966,655,594,779,321,22197,14422
국가기술자격법,0,0,0,0,0,1,1,0,0,0,1,0,0,0,0,0,0,1,1,0,0,3,1,1,3,1,0,0,0,0,0,0,0,0,13,0,1,0,0,0,0,0,2,0,0,1,1,0,0,0,0,5,0,0,0,1,0,0,0,1,0,0,0,0,6,0,0,1,0,1,0,0,0,0,0,10,7,1,4,2,5,2,0,0,1,1,1,0,0,0,0,0,0,1,0,0,2,0,2,0,0,0,0,0,0,1,0,0,0,0,0,1,0,1,0,1,0,1,0,13,1002
국가보안법,2,0,0,0,0,0,0,1,0,1,1,0,3,0,0,1,0,1,0,0,0,1,1,0,0,0,0,0,0,0,0,0,0,0,0,0,0,0,0,1,0,0,0,0,0,0,0,0,0,0,0,0,0,1,0,1,0,0,0,0,0,0,0,0,0,0,0,0,0,0,0,0,0,0,2,0,1,1,0,1,0,0,0,0,0,0,0,1,0,0,0,0,0,0,0,0,0,0,0,0,0,0,0,0,0,1,0,1,0,0,1,0,5,0,0,0,0,0,0,18,7
국민체육진흥법,4,3,1,1,0,4,3,25,2,4,2,16,0,1,0,1,2,0,1,1,1,1,13,1,0,0,0,0,0,4,0,1,1,5,3,0,0,0,1,0,1,1,4,0,0,4,1,0,1,2,0,2,4,1,8,5,1,0,0,0,2,0,2,1,0,0,3,2,0,23,0,3,0,0,4,83,4,1,2,6,3,5,2,4,0,6,0,2,5,2,3,3,3,2,0,9,4,0,2,2,0,2,0,1,1,0,2,0,0,0,1,3,1,0,1,0,1,0,0,32,13
국토의계획및이용에관한법률,1,0,0,0,0,0,2,0,0,0,0,0,4,6,0,2,0,0,1,1,15,0,1,3,0,0,4,0,1,3,1,1,0,1,12,0,6,2,0,0,21,0,8,0,1,0,0,1,25,3,0,8,1,3,2,1,5,8,2,1,0,1,1,6,1,0,0,4,0,0,0,0,1,12,0,2,1,11,0,30,23,10,6,3,16,23,8,1,1,1,0,8,7,3,6,32,33,8,82,9,0,44,18,15,10,3,0,11,7,7,48,0,20,17,0,2,3,5,6,468,367
근로기준법,394,504,270,292,261,277,214,192,145,127,177,193,159,560,190,561,433,555,350,129,388,700,1507,668,225,98,55,121,51,329,198,152,119,488,171,174,341,136,153,216,196,128,207,99,84,247,270,351,135,275,43,506,291,202,403,321,151,79,27,102,230,109,210,272,104,90,242,177,86,130,90,335,145,371,619,362,770,566,449,461,1155,126,466,1055,335,909,591,179,423,293,269,297,733,250,241,295,763,394,751,202,147,604,131,237,126,146,278,307,77,59,382,408,513,336,194,125,58,83,60,8260,2037
근로자퇴직급여보장법,136,205,79,126,75,99,73,54,36,41,72,40,43,199,60,170,179,306,132,42,135,303,592,241,78,18,10,24,14,79,44,36,17,137,42,36,85,41,29,64,62,54,65,40,16,90,64,144,49,67,18,129,60,61,123,97,48,10,0,23,70,38,61,105,31,16,49,70,28,34,31,98,49,105,222,90,220,103,191,129,375,31,85,313,68,271,82,42,96,85,63,109,172,71,49,72,155,52,261,63,40,155,18,80,28,57,82,83,19,19,88,114,141,110,59,42,11,19,9,2169,456
낚시관리및육성법,0,0,0,0,0,0,0,0,0,0,0,0,0,0,0,0,0,0,0,0,0,0,0,0,0,0,0,0,0,0,0,0,0,1,3,0,2,0,20,0,2,0,0,0,0,0,0,0,0,7,0,0,0,1,1,1,0,2,20,0,0,0,0,0,0,0,0,0,0,0,1,0,1,0,0,2,0,0,0,0,1,0,579,2,0,1,5,2,0,0,7,0,0,13,0,0,0,0,1,0,5,1,0,0,0,0,0,14,0,0,0,3,0,0,0,0,0,0,0,420,39
노동조합 및 노동관계조정법,16,22,4,3,3,1,2,1,2,0,1,1,6,4,0,10,4,1,8,2,2,10,23,6,3,0,0,0,2,2,3,7,2,5,2,3,2,2,3,2,2,0,4,1,0,4,2,3,3,12,2,12,0,0,4,4,0,0,0,2,3,1,1,4,1,1,4,3,5,5,5,21,5,5,4,1,9,12,3,6,9,7,8,14,2,6,15,1,5,8,4,2,12,2,9,5,5,4,7,4,1,3,10,3,2,5,8,3,4,1,3,1,4,0,4,0,6,0,0,99,21
농수산물유통 및 가격안정에 관한법률,0,0,0,0,0,0,0,0,0,0,0,0,0,0,0,0,0,0,0,0,0,0,0,2,0,0,0,0,0,0,0,0,0,7,0,0,0,0,0,2,0,0,0,0,0,1,0,0,0,0,0,0,0,0,16,0,0,0,0,0,0,0,0,0,0,0,0,0,0,0,0,1,0,0,0,0,0,0,0,0,0,0,0,1,0,0,0,1,0,0,0,0,0,0,0,0,0,0,0,0,0,0,0,0,0,0,0,0,0,0,0,0,0,0,0,8,0,0,0,1,1
농수산물의원산지표시에관한법률,12,12,7,8,9,21,13,9,7,6,11,15,12,21,11,13,11,12,18,17,21,12,20,28,15,3,6,7,5,16,15,8,11,17,14,3,9,9,20,21,12,10,14,5,7,21,10,22,3,13,1,15,15,8,30,11,8,1,0,13,15,6,29,27,13,12,41,12,16,9,7,13,8,12,26,16,26,77,30,69,67,7,45,20,23,33,61,35,11,20,27,11,53,34,17,40,18,21,33,29,10,24,13,34,18,19,24,9,12,6,13,22,12,16,9,18,23,9,15,459,291
농지법,0,0,0,0,0,0,0,0,1,0,1,0,0,0,0,0,0,0,0,0,0,0,2,0,0,0,0,0,0,0,0,0,0,0,0,10,1,0,0,0,3,1,8,0,0,1,1,0,0,2,0,8,0,0,4,1,3,2,0,1,0,0,2,1,0,4,0,2,0,0,0,0,3,2,0,0,1,1,0,3,6,0,9,8,0,64,4,0,0,2,2,2,7,0,1,8,15,10,21,1,0,32,0,4,0,1,27,4,1,1,19,34,12,3,10,0,4,9,5,181,170
대기환경보전법,3,0,7,5,0,13,3,0,2,2,1,1,1,0,3,7,2,1,4,0,3,3,4,2,8,0,1,1,2,2,0,4,2,2,16,9,25,1,0,13,19,1,0,8,2,11,3,3,18,8,1,58,5,9,20,7,5,5,0,4,8,1,11,15,0,5,6,6,15,1,0,7,7,15,39,11,10,15,6,18,38,2,12,21,2,20,21,8,4,26,7,11,55,11,6,7,55,17,49,12,8,43,11,24,12,7,14,13,4,5,38,45,50,13,39,0,11,2,7,1087,280
대부업등의등록및금융이용자보호에관한법률,11,22,10,7,12,14,9,5,7,7,3,3,26,6,3,3,6,17,4,21,3,12,24,13,20,7,9,14,1,61,6,11,9,8,25,4,1,11,8,28,2,10,7,6,7,5,14,12,2,9,0,6,25,4,27,8,4,0,0,8,6,2,20,7,5,5,9,5,2,5,5,21,7,13,24,29,118,11,6,21,55,4,10,20,11,6,56,3,11,10,9,10,28,11,2,4,17,3,45,7,1,5,0,4,7,12,2,5,0,8,11,10,8,11,6,8,6,1,1,152,75
도로교통법,50,37,130,182,125,66,82,88,45,33,69,41,53,124,77,51,41,106,132,89,60,206,240,101,63,20,14,15,15,106,68,67,29,107,72,71,52,29,32,50,45,27,79,33,22,129,90,93,38,216,30,391,115,51,119,92,311,24,4,21,45,10,64,56,35,47,67,75,39,29,63,79,76,156,128,223,304,104,113,204,171,51,73,173,54,286,165,59,150,44,98,208,186,42,71,109,246,66,168,45,43,151,29,44,14,31,103,50,153,30,329,266,74,79,104,92,130,39,73,2036,1584
도로교통법(무면허운전),259,158,135,155,140,182,91,142,78,66,112,85,78,210,125,135,88,161,117,91,301,255,422,154,61,32,16,53,30,122,106,70,66,146,74,93,60,91,86,72,73,67,115,174,60,254,132,180,182,85,23,256,272,78,244,317,79,24,16,43,123,136,135,138,121,74,72,81,80,185,77,273,76,199,253,738,369,135,223,491,292,131,236,457,178,230,326,94,171,83,92,209,278,126,110,145,584,164,281,142,47,247,110,107,54,189,162,114,84,39,288,261,97,173,169,58,84,64,38,2759,2544
도로교통법(사고후미조치),31,73,41,14,33,17,30,45,27,16,28,23,15,66,8,39,21,21,28,24,49,122,99,27,21,5,11,19,6,38,28,44,9,48,31,27,25,17,24,14,11,20,140,41,22,77,74,247,66,43,9,124,45,26,77,58,61,14,3,28,122,84,142,221,27,22,26,32,15,72,60,77,75,86,256,332,183,110,81,127,166,146,50,359,39,421,319,112,42,80,29,145,299,131,74,139,100,54,150,67,18,37,56,70,51,16,81,88,102,17,346,400,77,63,103,25,18,16,34,2001,1079
도로교통법(음주운전),192,201,361,287,441,280,293,560,266,180,361,309,215,753,355,691,307,250,662,292,556,619,1548,831,368,161,139,314,235,581,486,229,482,472,382,418,396,280,215,448,473,351,643,460,390,884,853,1162,419,680,76,1011,741,526,921,1027,548,137,44,202,757,388,894,1100,318,325,875,785,416,392,447,1835,567,857,1659,3551,2063,1609,784,1873,2500,711,1630,1564,744,1677,1466,518,682,465,528,1180,1361,955,562,784,2220,865,1404,1119,266,1151,474,495,315,452,811,790,295,181,1423,1922,1252,1891,738,731,487,262,210,12476,8409
도로교통법(음주측정거부),7,5,12,3,14,16,9,5,3,8,7,6,3,15,11,21,10,8,16,5,10,27,65,18,3,2,4,3,3,14,11,9,4,15,7,2,7,4,9,8,5,7,15,3,9,24,18,37,6,3,2,25,11,7,20,12,18,2,3,1,20,6,17,26,4,6,23,9,1,16,9,29,7,15,19,70,36,29,19,43,39,10,25,52,18,40,30,15,18,17,16,37,48,27,17,14,53,12,34,27,8,38,15,12,10,21,48,19,12,4,49,45,22,33,16,15,22,8,17,377,310
도로법,3,2,3,0,2,9,3,0,1,0,1,0,4,0,5,9,4,0,6,6,10,14,5,1,6,4,2,2,1,5,2,4,1,7,2,8,33,5,3,0,8,0,16,16,1,0,2,9,3,3,0,111,7,2,25,10,26,3,0,0,5,2,5,6,7,1,6,15,8,3,0,1,2,7,9,14,34,11,2,12,38,3,17,27,4,9,8,5,3,1,167,12,32,6,4,18,45,10,49,10,3,16,6,7,2,2,205,7,3,3,73,58,6,31,10,139,10,6,8,350,153
도시및주거환경정비법,0,1,7,6,0,15,2,8,9,0,3,16,20,5,6,4,3,0,2,1,3,14,13,4,10,0,3,7,0,27,4,14,4,7,1,12,0,3,7,2,0,6,3,6,1,9,5,3,0,5,2,1,5,3,3,4,3,0,0,15,3,0,6,7,6,1,0,0,2,0,0,4,0,0,5,3,4,2,44,7,15,10,3,7,0,10,1,1,2,0,2,1,4,0,5,3,0,0,0,0,1,4,0,0,0,0,0,0,0,0,0,0,3,0,0,2,0,0,0,27,1
독점규제 및 공정거래에 관한법률,1,2,0,0,0,0,0,0,0,0,0,0,1,1,0,1,2,1,2,0,0,3,4,2,2,0,0,0,0,0,0,0,1,0,0,0,0,0,0,0,0,0,0,0,0,0,1,0,0,0,0,0,0,0,0,0,0,0,0,0,0,0,1,0,0,0,1,1,0,0,0,0,0,0,0,0,2,1,0,0,0,0,0,1,0,0,0,0,0,0,0,0,0,0,0,0,0,0,1,0,0,0,0,0,0,1,0,0,0,0,0,0,0,0,0,0,0,0,0,17,1
디자인보호법,6,11,1,4,0,6,0,2,2,0,0,1,0,1,1,6,3,2,6,1,2,1,5,3,2,0,0,0,0,2,0,0,10,0,1,1,2,0,0,2,2,0,1,3,1,4,1,4,2,7,0,7,1,2,4,2,0,0,0,0,1,0,0,0,0,1,1,2,2,0,0,0,2,1,11,8,8,2,2,3,4,3,0,3,3,9,0,1,1,0,1,1,1,0,1,1,3,0,2,0,1,3,0,2,0,1,2,0,0,0,4,6,6,1,0,1,0,2,1,49,21
마약류관리에 관한 법률(대마),6,7,51,14,5,35,6,8,1,1,9,11,13,30,4,9,6,5,15,3,17,50,166,19,10,3,1,4,1,3,0,2,1,12,0,1,1,1,1,4,3,6,3,0,2,0,3,5,2,191,1,13,15,11,14,16,6,5,2,0,0,1,4,17,0,2,4,1,0,0,2,6,1,2,12,13,163,1,25,9,8,2,5,11,1,20,3,1,20,3,7,3,21,1,4,5,11,3,16,0,0,3,5,2,1,2,4,4,1,0,13,4,5,8,2,1,6,5,0,171,84
마약류관리에 관한 법률(마약),2,0,7,0,4,0,0,1,2,0,0,1,7,5,4,0,4,1,4,0,2,2,15,5,5,3,3,1,0,1,1,2,1,1,0,1,4,0,4,3,2,1,1,0,0,3,2,1,0,10,1,3,3,2,4,1,1,3,0,1,1,3,0,2,0,1,5,2,1,1,0,0,1,4,4,3,4,6,1,56,12,4,5,4,0,8,0,2,16,3,4,9,7,26,14,30,16,12,17,22,0,16,8,15,17,12,1,1,12,1,13,3,5,14,19,1,2,6,9,329,512
마약류관리에 관한 법률(향정),43,39,74,42,37,55,37,23,36,23,33,18,29,48,23,48,52,37,75,32,81,88,425,81,30,22,32,68,27,124,64,42,50,68,57,18,27,38,33,46,22,29,63,23,36,24,48,78,12,164,17,69,171,54,148,89,39,1,0,1,11,3,11,27,27,27,24,22,10,9,7,34,4,14,70,124,89,25,63,43,165,24,26,119,81,93,22,8,94,8,9,26,69,11,21,58,58,28,103,7,15,26,13,18,21,6,38,37,11,9,36,88,24,23,10,11,13,7,2,628,266
물환경보전법,1,0,0,1,0,0,0,0,0,0,0,0,0,1,0,2,2,0,1,0,0,0,0,1,4,0,0,0,1,0,1,0,1,0,2,1,5,0,0,2,5,0,0,1,0,5,0,3,6,0,2,10,2,0,3,3,0,1,1,0,0,0,5,5,0,1,0,1,2,2,2,1,1,11,19,4,5,4,0,4,16,0,2,14,18,8,8,3,3,18,10,4,12,7,3,3,13,2,28,0,1,10,0,5,2,3,9,3,7,1,18,13,11,16,7,1,2,0,0,282,91
배타적경제수역에서의 외국인어업등에 관한 주권적권리의 행사에 관한법률,0,0,0,0,0,0,0,0,0,0,0,0,0,0,0,0,0,0,0,0,0,0,0,0,0,0,0,0,0,0,0,0,0,0,0,0,0,0,0,0,0,0,0,0,0,0,0,0,0,0,0,0,0,0,0,0,0,0,6,0,0,0,0,0,0,0,0,0,0,0,0,0,0,0,0,0,0,0,0,0,0,0,0,0,0,0,15,0,0,0,15,0,0,0,0,0,0,0,0,0,0,0,0,0,0,0,0,0,0,0,0,0,0,0,0,0,0,0,0,8,105
범죄수익은닉의 규제 및 처벌 등에 관한법률,4,3,2,2,2,0,3,0,1,0,1,1,0,1,0,0,2,1,8,0,4,13,23,4,3,0,0,1,0,2,0,0,0,8,1,1,3,0,0,0,0,1,2,1,0,1,2,3,0,6,0,3,0,2,2,2,2,0,0,0,0,0,3,0,0,1,1,1,0,0,0,0,0,0,4,4,2,6,0,4,1,2,15,2,1,2,2,3,1,0,3,3,6,1,1,0,0,0,4,0,1,0,0,1,1,0,1,1,0,0,5,0,0,0,1,0,0,0,0,74,29
변호사법,6,6,5,3,3,3,1,3,3,2,2,3,2,4,4,6,3,1,10,3,2,43,22,6,5,3,1,1,0,2,2,0,1,3,2,1,1,9,0,0,0,3,4,1,1,3,10,5,1,2,0,3,9,1,5,5,2,0,0,9,5,1,4,5,4,2,5,3,1,1,0,3,1,3,7,9,12,10,4,9,15,1,3,5,4,5,6,3,6,3,4,2,5,3,8,4,3,2,4,4,1,5,5,1,0,0,1,2,0,1,4,0,0,4,1,2,3,2,3,75,30
병역법,39,19,44,46,77,60,57,46,81,53,80,87,60,52,65,105,60,58,106,69,150,97,122,99,62,5,5,5,4,23,10,12,14,14,16,10,3,9,11,3,9,4,33,15,19,16,25,32,11,15,4,64,110,43,91,92,51,5,0,7,10,8,22,23,22,28,46,27,13,9,7,14,6,6,132,212,112,62,89,117,70,31,29,114,26,241,19,15,102,21,26,48,93,12,19,28,70,8,31,10,33,160,6,19,7,12,26,19,8,3,108,64,108,23,53,41,16,12,21,687,343
보조금관리에관한법률,5,5,2,1,3,7,3,1,2,1,0,1,0,1,2,5,34,7,6,0,2,8,10,4,3,0,1,0,7,6,4,2,4,5,23,114,89,5,0,66,9,1,1,0,0,24,1,0,0,4,2,8,8,7,23,2,2,5,0,0,1,0,8,5,2,0,2,5,1,2,1,17,15,20,4,15,59,4,6,8,43,0,7,13,4,3,2,1,2,5,4,2,4,1,3,3,2,2,55,6,1,8,3,2,4,2,5,2,2,2,6,4,7,19,4,1,5,3,6,69,128
부동산 실권리자 명의등기에 관한법률,0,3,2,1,1,4,2,1,1,1,2,2,4,0,5,3,2,4,2,5,5,8,14,3,2,0,4,0,0,2,1,5,3,2,4,0,0,2,0,1,4,3,4,2,1,0,2,3,2,3,0,4,4,4,2,2,0,1,0,2,1,1,3,1,0,0,1,3,1,1,2,1,1,2,4,7,2,4,2,7,7,0,2,3,3,8,10,0,1,2,1,1,2,8,1,3,6,1,7,1,2,4,0,0,2,0,2,5,0,1,12,2,6,2,0,1,0,6,0,63,54
부정경쟁방지 및 영업비밀보호에 관한법률,6,9,5,12,3,4,5,1,0,3,1,2,2,9,4,8,12,13,9,2,2,26,47,5,5,0,1,0,2,3,1,2,0,5,2,2,3,2,0,2,0,1,3,1,0,0,3,1,2,0,3,4,1,6,14,4,4,0,0,1,3,2,6,6,0,1,5,2,2,2,0,1,0,0,12,11,13,1,7,11,5,2,1,8,3,10,2,0,2,0,1,7,8,0,1,0,1,0,12,1,3,7,0,2,0,0,4,1,0,2,2,8,5,3,4,0,2,1,2,82,15
부정수표단속법,55,37,21,2,17,23,11,26,8,16,44,4,16,5,36,10,32,4,45,6,20,24,25,23,5,5,12,2,4,20,1,13,3,32,2,11,2,36,3,55,12,14,27,4,7,7,31,16,11,0,15,9,11,17,7,4,1,2,0,4,4,0,4,0,3,18,0,1,4,4,1,1,8,0,15,17,14,0,15,8,12,3,0,1,4,76,4,3,21,6,0,1,8,2,0,3,8,0,1,11,0,29,0,1,0,5,3,0,12,0,11,30,4,22,0,26,0,0,0,171,93
사행행위 등 규제 및 처벌특례법,2,2,0,7,3,0,3,2,1,0,2,0,0,0,1,1,0,4,0,1,2,0,6,1,5,1,0,0,1,2,0,0,0,1,0,0,0,1,0,0,0,0,0,5,0,0,0,0,2,0,0,2,0,0,3,0,3,0,0,0,2,4,2,5,2,0,11,0,4,0,0,0,0,0,7,9,0,2,2,9,7,0,4,1,5,2,1,2,0,1,0,3,6,2,0,0,1,0,1,1,2,1,0,2,1,0,2,25,0,1,2,1,5,0,2,3,0,1,5,28,20
산림자원의조성및관리에관한법률,1,0,0,0,0,0,0,1,2,1,0,0,1,0,0,0,1,0,0,0,1,0,0,0,0,0,1,0,0,0,0,0,0,3,0,0,2,0,0,0,0,0,1,0,0,1,0,0,5,2,0,4,3,0,0,1,1,17,1,0,0,0,4,4,1,1,0,1,1,0,0,0,1,2,1,1,6,7,0,9,6,0,5,3,1,6,3,0,0,3,2,0,10,1,6,8,4,1,5,6,0,5,5,6,19,3,2,0,19,3,3,1,14,0,9,1,9,6,8,215,350
산업안전보건법,58,59,27,27,29,37,27,32,19,10,10,21,36,45,19,131,63,45,53,34,34,63,145,40,40,18,20,28,20,40,26,23,22,35,32,28,49,40,24,38,38,21,25,14,12,46,35,50,50,52,10,99,69,38,86,44,43,14,1,22,19,24,21,62,15,18,36,47,18,17,22,62,37,64,83,48,126,77,66,122,165,24,85,200,46,85,53,23,39,47,70,51,107,64,45,95,122,55,85,20,45,87,33,68,11,31,47,42,18,20,38,152,102,71,42,10,11,20,20,1543,497
산지관리법,3,0,0,0,0,0,0,0,2,0,1,0,1,0,0,0,0,0,0,1,0,1,0,0,0,0,2,0,0,2,0,0,0,0,0,2,6,0,0,2,4,0,0,0,1,0,0,0,3,4,0,4,3,1,1,1,1,26,5,0,1,0,0,2,2,0,0,1,0,0,0,0,1,18,1,0,4,10,1,51,20,0,7,16,5,24,28,0,0,22,7,1,55,0,48,15,14,24,11,4,0,25,17,54,5,23,13,18,37,3,29,1,73,8,53,2,36,7,20,672,865
상표법,65,532,87,46,22,40,33,30,16,21,23,21,16,34,22,31,30,24,23,11,16,57,125,62,28,94,6,20,1,37,13,6,9,23,9,6,18,4,3,34,3,68,22,12,9,12,48,19,12,232,8,43,41,23,45,53,19,1,0,20,27,4,21,13,22,8,27,18,9,10,4,17,7,4,51,64,89,19,42,36,30,9,26,30,15,73,8,7,26,6,7,24,24,8,15,13,21,6,17,7,5,43,10,6,4,9,7,9,2,2,34,22,32,13,13,15,5,0,1,268,66
석유및석유대체연료사업법,0,0,1,2,0,1,1,0,0,0,0,0,0,0,1,2,1,0,0,1,0,0,2,2,1,549,3,124,2,1,1,1,2,2,3,0,11,1,1,5,1,0,4,3,1,3,0,4,8,8,3,17,4,0,2,7,1,0,1,2,2,0,8,6,4,8,4,5,4,2,0,2,2,6,5,9,1,6,3,11,6,2,17,2,4,8,0,9,0,11,33,3,9,8,1,2,9,15,11,8,0,12,2,5,3,9,3,2,6,2,10,7,2,6,5,0,4,9,3,128,82
선박안전법,0,0,0,0,0,0,0,0,0,0,0,0,0,0,0,0,0,0,0,5,0,0,0,0,0,9,2,9,6,0,0,0,0,2,3,0,0,0,0,0,0,0,0,0,0,0,0,0,0,8,0,1,0,4,0,0,0,0,1,0,0,0,0,0,0,0,0,0,0,0,2,6,0,4,0,0,0,0,0,0,251,0,1,0,0,0,32,7,0,0,50,0,0,10,0,0,24,0,0,0,0,0,4,0,0,0,0,6,0,0,0,0,0,0,0,0,0,0,0,137,526
선박직원법,0,0,0,0,0,0,0,0,0,0,0,0,0,0,0,0,0,0,0,0,0,0,0,0,0,1,3,3,3,0,0,1,0,140,2,0,0,0,0,0,2,0,0,0,0,0,0,0,0,2,0,0,0,0,0,0,0,0,2,0,0,0,0,0,0,0,0,0,0,0,9,6,0,31,0,0,0,0,0,0,1,0,0,0,0,0,25,2,0,0,54,0,0,6,0,0,0,0,0,0,0,0,0,0,0,0,0,1,0,0,0,0,0,0,0,0,0,0,0,16,1892
성매매알선등행위의처벌에관한법률,44,24,16,14,43,32,34,28,44,17,33,12,21,54,15,61,50,22,47,11,85,44,165,70,75,4,45,12,2,148,53,8,55,38,37,6,18,51,3,41,4,38,46,10,21,18,27,49,3,19,5,45,82,26,268,49,22,1,0,13,64,7,34,21,8,19,51,29,9,5,6,24,4,3,100,83,176,112,105,52,73,90,29,77,17,115,48,35,47,111,11,32,25,18,7,24,74,8,173,21,33,69,20,2,12,16,8,12,18,4,84,73,20,45,7,20,9,9,4,402,99
수도법,0,2,1,0,0,0,0,1,0,0,0,0,0,0,0,1,1,1,0,0,0,1,1,2,0,0,0,1,0,0,0,0,1,1,0,4,0,0,0,0,1,0,0,0,0,0,0,0,3,0,0,1,0,0,2,1,0,0,0,0,0,1,1,0,1,2,2,0,3,0,0,1,0,12,1,0,0,0,1,0,0,0,1,0,12,0,0,0,0,0,2,0,1,0,0,0,0,1,0,0,1,3,1,2,0,1,0,0,0,1,1,2,1,0,0,0,0,0,0,34,13
수산업법,0,0,0,0,0,0,0,0,0,0,0,0,0,0,0,0,0,0,0,0,0,0,0,0,0,0,0,0,3,0,0,2,0,3,8,0,2,0,0,0,2,0,0,0,0,0,0,1,0,3,0,4,0,0,1,0,0,7,19,0,0,0,0,0,0,0,0,0,0,0,3,1,1,6,0,0,0,0,0,0,156,0,158,4,0,0,700,7,0,0,319,0,0,43,0,0,0,0,1,5,0,0,451,0,0,0,0,18,0,0,0,1,1,0,0,0,2,0,0,617,1385
수산자원관리법,0,0,0,0,0,0,0,0,0,0,0,0,0,0,0,0,0,0,0,0,0,0,0,0,0,3,3,0,4,1,0,1,0,1,3,0,20,0,2,0,1,0,0,0,0,0,1,0,0,3,0,1,0,2,4,0,0,2,19,0,0,0,0,0,0,0,0,0,0,0,2,0,3,1,0,0,0,0,0,0,146,0,88,1,0,0,16,120,0,0,33,0,0,70,0,0,0,1,0,13,0,0,16,0,0,0,1,41,0,0,0,0,0,1,0,0,0,0,0,969,642
식품위생법,145,41,98,23,30,80,26,52,66,31,117,45,38,113,21,51,49,56,86,36,118,48,206,36,62,63,37,23,27,89,61,68,57,90,71,82,41,51,41,46,73,10,33,29,9,31,23,33,43,72,2,51,40,21,102,85,43,3,3,8,72,21,42,36,29,14,43,44,28,9,11,17,5,11,58,121,80,84,55,79,134,25,41,114,58,160,79,37,45,25,63,52,100,63,17,75,63,32,82,17,35,113,106,7,3,16,32,33,20,13,65,81,67,35,26,19,21,18,7,925,459
신용정보의 이용 및 보호에 관한법률,0,0,1,0,0,0,0,0,0,0,0,0,0,1,0,1,0,0,1,0,1,2,1,0,0,0,0,0,1,0,0,0,0,0,2,0,0,0,0,0,0,0,0,0,0,0,0,0,0,0,0,0,0,3,0,0,1,0,0,1,0,0,0,0,1,0,1,1,0,0,0,0,0,0,0,0,2,0,0,1,0,0,0,0,1,0,0,1,0,0,0,1,0,0,0,0,1,1,1,0,0,0,1,0,0,0,0,0,0,0,1,1,0,0,0,1,0,0,0,3,2
"아동,청소년의성보호에관한법률(성매수등)",1,2,0,2,1,4,2,1,3,2,1,1,1,3,1,2,4,1,0,1,6,2,1,2,2,1,1,0,0,9,1,1,1,2,6,0,0,5,1,5,1,0,1,3,3,2,0,5,2,1,0,8,1,0,2,5,1,0,0,3,5,3,2,1,6,2,4,0,0,2,1,2,3,0,5,6,5,3,2,6,8,0,2,11,3,4,6,2,5,0,4,1,4,2,10,1,5,0,1,0,0,2,13,0,2,2,2,0,1,0,3,6,3,3,2,1,0,0,0,31,4
"아동,청소년의성보호에관한법률(음란물등)",5,2,3,0,5,8,3,3,10,4,11,5,11,29,8,2,2,7,27,2,2,5,9,8,4,1,3,1,1,8,5,4,4,4,10,5,1,13,3,3,0,11,3,1,4,13,3,3,4,3,0,18,5,4,7,9,3,1,0,2,5,6,10,8,2,4,8,5,1,3,0,5,0,0,5,6,7,8,10,14,12,2,6,11,1,6,8,4,5,2,2,7,7,5,4,11,1,0,9,4,10,3,1,2,5,2,3,2,3,0,9,3,5,4,1,2,2,2,3,99,38
아동복지법,10,6,27,15,36,35,30,39,34,35,58,52,15,29,29,17,46,20,30,21,39,38,36,41,26,6,13,15,9,30,22,33,18,33,28,18,8,30,16,36,18,7,27,21,15,29,19,67,36,9,5,53,51,24,59,27,26,4,0,12,35,29,51,39,43,21,74,30,25,48,43,49,51,35,162,141,89,65,31,80,47,38,59,209,25,103,69,52,77,22,29,63,69,23,26,60,59,8,43,30,24,74,16,24,9,11,27,38,6,15,68,117,44,30,37,19,15,11,8,667,344
액화석유가스의 안전관리 및 사업법,1,0,0,0,0,9,0,0,0,0,0,0,0,1,1,1,0,0,1,0,1,0,0,0,0,0,2,0,0,0,0,0,0,1,1,0,0,0,0,0,0,0,0,2,1,4,0,4,0,1,0,1,0,0,0,0,0,0,0,1,0,0,1,0,1,0,0,0,0,1,0,0,1,0,0,0,0,2,0,5,2,0,0,0,0,0,1,0,0,0,0,1,0,1,0,0,0,0,0,0,0,0,0,0,0,1,2,1,0,0,1,2,0,1,4,0,3,0,1,15,17
약사법,23,14,6,8,8,14,4,10,2,1,3,9,6,14,6,11,14,2,27,19,11,19,33,15,9,10,6,5,1,17,8,6,6,4,2,2,0,9,1,9,4,5,9,2,1,9,5,2,2,22,1,8,7,2,8,9,10,0,0,1,3,6,6,3,3,5,4,4,2,4,3,4,2,1,36,16,9,5,7,10,6,10,6,14,4,23,6,5,4,1,0,0,11,3,5,4,17,3,10,1,10,7,2,4,1,6,2,3,12,0,13,7,7,7,1,5,1,0,1,108,62
여객자동차운수사업법,3,9,4,4,0,0,2,1,1,1,1,1,1,4,2,4,3,1,4,1,2,3,19,2,8,2,0,2,3,5,3,1,2,3,0,1,3,2,3,0,7,0,1,1,1,1,2,2,0,27,0,4,1,1,2,1,2,0,1,3,3,0,1,1,1,2,2,7,0,23,1,2,0,2,3,12,5,3,2,32,14,2,0,12,2,8,63,0,1,0,2,4,223,3,1,4,128,5,3,3,0,1,33,0,0,2,77,1,0,1,9,15,1,0,28,0,3,1,0,243,44
여신전문금융업법,19,25,18,20,21,19,10,6,14,9,14,6,15,27,9,14,16,9,35,10,8,38,98,22,16,18,8,23,4,48,17,27,11,29,11,21,5,15,8,24,8,15,20,6,14,16,8,24,4,24,1,16,7,10,16,15,7,0,0,3,20,10,11,22,11,14,21,24,5,10,4,8,2,10,22,54,38,19,21,45,89,7,14,32,12,29,11,9,12,6,21,10,38,13,1,17,31,14,40,10,3,13,2,7,6,10,4,13,4,3,35,37,12,20,7,7,3,4,12,203,96
영유아보육법,0,0,0,0,0,0,0,1,2,0,0,2,2,1,1,1,0,0,2,0,0,0,0,3,2,0,0,0,0,0,3,1,1,1,0,1,1,0,1,0,0,0,1,0,0,2,0,0,1,0,1,0,0,0,1,0,1,0,0,0,0,0,0,0,0,0,0,4,1,0,0,0,0,1,1,4,1,2,4,6,2,5,1,6,2,5,0,0,12,1,1,1,2,1,1,0,0,0,8,0,0,2,0,2,1,0,5,1,0,0,16,0,4,2,8,1,0,0,1,37,10
예비군법,25,7,36,48,83,56,78,35,43,26,26,50,26,29,16,63,31,33,49,19,149,86,75,71,57,6,3,5,13,61,24,16,35,72,29,25,21,40,6,37,33,7,62,14,19,34,41,77,19,25,3,71,194,66,67,31,52,0,3,7,52,21,101,70,26,33,98,28,29,19,23,41,12,23,92,139,120,50,67,74,57,15,67,69,25,171,103,26,96,59,26,87,148,23,27,33,63,19,42,25,10,132,9,26,12,35,48,52,11,4,58,50,85,127,36,38,16,5,23,718,246
옥외광고물등의 관리와 옥외광고산업진흥에 관한법률,0,3,2,2,0,2,2,1,4,0,1,3,7,5,1,6,0,0,2,2,1,3,0,4,4,0,0,0,0,0,0,0,1,0,0,0,0,0,1,0,1,0,0,0,1,0,1,0,0,0,1,5,2,1,0,8,0,0,0,0,0,0,1,1,1,9,0,0,3,0,0,3,0,1,4,9,1,1,2,0,22,0,1,0,0,19,8,0,3,0,0,1,1,0,1,0,1,0,0,0,0,1,0,0,0,0,0,0,0,0,0,1,1,0,1,2,1,0,0,34,6
외국환거래법,3,11,6,1,3,2,2,2,1,2,0,1,1,4,3,34,4,2,7,3,2,4,5,2,2,3,0,3,1,0,0,0,0,0,0,0,63,1,0,1,0,0,5,0,0,1,2,3,3,348,1,6,8,1,1,2,0,0,7,0,0,0,0,2,0,0,0,1,0,3,0,0,0,0,2,6,0,2,2,1,5,0,2,4,0,2,10,3,2,0,3,0,1,0,0,4,1,0,0,0,1,1,0,0,0,2,0,0,0,0,1,1,0,1,0,0,0,0,1,66,27
위험물안전관리법,1,1,0,0,1,3,0,0,1,0,0,1,0,1,0,0,0,0,1,3,0,0,0,1,0,1,0,0,0,1,0,2,0,0,2,1,8,0,0,12,4,0,0,2,0,0,0,0,3,8,1,6,2,1,7,2,2,3,0,1,2,3,0,2,0,0,2,2,0,0,3,1,1,6,8,0,8,0,4,8,7,0,6,10,4,2,23,0,0,3,6,0,9,0,4,4,20,1,8,3,2,11,2,2,1,5,1,3,2,2,3,3,10,10,3,0,3,5,1,130,56
유사 수신행위의 규제에 관한법률,4,3,1,6,6,7,4,7,1,0,3,2,1,5,3,6,19,7,23,13,59,41,303,10,4,0,0,6,0,7,4,3,2,13,8,2,1,30,1,1,48,13,3,6,3,3,12,10,0,0,0,17,4,0,1,3,6,3,0,20,41,14,7,10,7,2,9,1,0,2,0,8,0,1,9,6,8,5,8,17,70,3,5,1,1,11,2,2,1,7,8,2,7,0,0,2,0,5,7,6,5,7,0,0,0,1,3,2,1,0,6,0,3,25,1,0,2,0,0,62,22
의료기기법,3,12,5,0,3,7,2,2,1,1,2,0,3,4,0,10,13,8,9,2,1,3,18,8,5,1,0,0,0,5,2,4,0,0,0,1,1,2,1,0,1,0,1,1,0,2,1,6,0,10,0,2,1,0,0,0,1,0,0,1,2,0,4,0,1,1,2,1,1,0,0,1,0,0,15,4,8,0,9,4,1,2,1,3,0,8,3,0,2,0,2,1,0,0,0,2,3,0,1,0,1,3,0,0,0,0,0,0,0,0,6,2,3,0,0,1,0,0,0,21,3
의료법,25,44,13,12,37,69,39,25,15,11,39,24,24,65,21,52,12,19,49,25,44,57,131,69,36,31,12,19,5,81,37,25,29,47,20,10,3,23,21,11,6,16,15,12,14,16,47,44,8,7,0,47,28,19,52,25,30,2,0,13,28,11,30,11,11,7,21,9,5,11,3,25,9,6,64,156,102,39,50,47,80,46,24,54,23,86,13,21,18,8,14,7,58,18,9,16,66,6,41,18,10,36,10,5,3,14,13,10,12,3,32,28,8,14,16,17,6,5,1,238,109
자동차관리법,405,207,151,104,115,169,195,211,208,143,141,132,90,262,157,435,143,106,181,115,151,519,287,262,144,66,56,47,56,249,143,132,90,258,170,78,99,99,62,123,81,64,131,173,87,206,200,316,130,181,29,444,292,214,296,258,288,4,9,42,283,66,150,258,70,57,90,106,53,65,34,122,50,52,335,494,264,355,188,276,309,73,96,269,73,355,74,28,181,114,99,125,292,62,114,140,340,101,299,64,43,260,81,45,19,73,126,65,28,27,320,206,174,86,94,56,73,14,27,2567,1027
자동차손해배상보장법,110,57,97,55,99,79,48,54,56,50,49,54,59,72,106,134,93,140,88,107,171,210,228,146,70,16,31,65,26,104,89,68,57,106,72,54,129,53,28,81,102,52,121,90,72,191,97,145,97,100,16,316,232,77,243,171,83,16,7,42,93,76,137,210,113,141,80,120,31,99,67,140,146,185,237,515,468,248,161,411,387,65,370,502,38,275,151,66,94,167,281,172,467,225,91,110,507,185,164,81,32,168,126,100,67,95,214,64,70,24,173,142,142,59,118,93,143,50,78,5864,2162
자본시장과금융투자업에관한법률,4,6,3,1,3,0,1,1,0,4,0,1,3,2,1,2,5,4,38,1,1,24,50,6,3,1,0,0,0,0,0,2,0,1,2,6,0,0,1,0,1,1,3,0,0,3,6,1,0,0,0,0,3,1,4,1,0,0,0,0,1,1,3,1,0,0,6,7,0,1,0,0,0,0,1,2,7,0,0,2,3,0,0,8,1,4,1,1,0,0,1,1,0,1,0,1,0,1,1,0,0,5,0,0,0,0,0,1,1,0,2,0,0,0,1,0,0,0,1,55,16
저작권법,44,79,59,47,81,45,57,32,52,37,51,30,27,80,71,75,177,400,55,32,66,152,242,105,36,34,9,27,10,73,18,48,52,159,35,27,41,31,21,29,16,25,43,43,22,53,50,48,19,34,10,76,57,80,112,130,49,7,2,20,47,20,62,59,26,19,62,49,11,20,19,48,12,17,162,145,149,64,110,112,153,18,65,99,59,148,56,34,70,40,39,95,57,23,55,33,87,26,109,28,32,39,17,28,23,18,37,43,11,9,102,109,76,40,24,18,13,18,16,984,332
전자금융거래법,69,122,39,75,61,70,57,64,36,32,65,109,48,85,72,102,74,114,105,53,127,126,217,101,82,18,18,17,11,43,24,27,32,87,35,33,16,72,9,36,20,9,62,38,20,57,44,66,50,45,6,93,164,59,65,68,37,6,1,22,72,19,67,58,23,38,97,58,11,9,12,58,18,30,128,260,139,104,111,125,225,29,60,117,94,156,113,34,48,43,43,31,137,37,48,86,128,18,62,68,35,26,20,8,24,30,57,167,8,5,106,66,49,62,51,33,7,4,15,957,389
전파법,7,6,7,2,5,8,5,6,4,3,2,8,3,5,23,31,32,13,11,2,6,9,17,8,6,0,27,1,0,6,1,236,5,8,3,2,4,4,2,527,2,0,2,0,1,5,3,7,8,9,1,8,7,4,11,8,0,0,0,1,2,5,21,9,4,4,13,13,11,7,3,1,3,4,24,18,19,12,14,21,12,2,2,7,7,17,103,5,9,5,7,2,19,1,4,7,4,1,5,4,7,14,6,3,0,1,9,3,2,0,20,7,11,2,1,3,1,4,1,220,52
정보통신망이용촉진 및 정보보호 등에 관한법률,106,133,95,131,96,106,88,95,112,103,116,112,156,207,121,199,129,136,199,128,234,395,516,234,122,17,25,35,15,130,43,94,65,122,59,66,36,148,23,88,25,55,57,58,56,81,107,143,39,57,13,147,110,147,169,157,71,9,5,31,75,46,101,104,59,40,141,85,25,55,25,72,17,51,273,419,295,196,133,188,268,99,128,149,93,322,138,58,113,55,56,169,160,63,81,66,135,55,132,113,54,115,47,66,41,53,52,71,43,29,219,96,110,68,25,56,54,35,12,2176,612
조세범 처벌법,31,35,39,31,19,27,15,20,17,15,9,7,12,29,34,19,20,35,36,12,23,57,94,39,21,3,5,18,2,20,13,7,5,26,15,13,22,12,9,20,3,8,18,7,8,19,18,22,6,12,5,33,25,19,23,24,12,2,1,9,17,7,22,16,13,4,23,12,16,8,2,14,7,12,35,71,54,24,31,40,59,15,8,61,8,48,15,17,15,9,18,24,50,13,8,17,54,46,35,14,11,20,5,3,3,9,24,28,6,4,37,33,34,16,24,7,4,7,14,403,184
주민등록법,5,2,9,14,19,16,17,16,29,6,10,14,3,48,9,20,12,4,15,11,18,15,40,23,5,5,1,1,0,39,16,5,4,11,10,2,0,3,3,9,3,9,13,7,9,22,23,30,4,1,3,20,24,3,19,45,4,2,1,10,20,2,12,8,10,6,14,2,7,8,2,11,4,6,40,69,44,30,27,48,11,9,9,29,11,23,7,17,18,4,16,19,14,8,19,30,21,3,26,4,5,24,9,5,2,7,4,6,1,1,24,16,18,9,6,3,8,4,3,138,68
주차장법,0,1,2,2,29,1,0,0,2,1,4,0,0,3,0,0,0,0,2,1,0,4,1,1,4,1,0,1,0,4,5,2,1,22,2,0,0,1,2,0,0,0,0,0,2,0,0,1,0,0,0,1,2,2,4,0,0,0,0,0,0,0,0,0,0,0,3,1,0,0,0,0,1,0,0,2,1,3,0,0,1,0,3,1,0,0,6,0,0,2,0,0,1,0,2,0,0,0,0,0,0,1,0,0,0,0,0,0,0,0,0,0,0,0,0,1,0,0,0,10,5
주택법,4,0,0,3,3,2,3,3,1,0,2,6,0,4,4,3,3,0,3,5,1,5,19,6,3,0,0,0,1,13,3,7,2,9,4,3,1,5,2,0,1,0,2,1,0,2,51,5,2,0,1,3,4,7,5,13,8,0,0,2,8,4,1,10,0,0,2,3,0,4,1,7,2,7,2,30,14,0,83,14,1,6,2,1,0,9,0,0,9,4,2,0,5,1,0,2,4,0,11,1,1,13,3,0,0,2,4,1,1,0,19,2,5,3,4,1,4,0,0,97,12
직업안정법,3,3,0,0,2,3,0,1,1,0,2,2,3,2,3,16,0,1,6,0,2,7,5,10,0,1,1,0,0,5,3,0,0,1,1,1,0,2,2,0,1,1,0,0,0,0,2,2,2,2,0,2,3,1,1,2,0,0,0,0,1,2,1,0,0,0,1,0,3,0,0,0,0,0,4,7,4,1,5,12,2,8,1,10,0,2,8,7,1,2,1,1,1,5,0,1,9,2,1,26,1,1,2,1,2,0,2,4,0,1,3,3,4,3,1,3,5,1,1,45,23
집회 및 시위에 관한법률,54,11,2,2,1,0,0,0,1,0,0,0,1,1,0,2,2,1,14,1,7,5,7,1,3,3,0,1,0,4,2,0,2,1,0,0,0,0,1,0,0,2,0,0,0,0,0,0,0,1,1,1,1,0,0,2,0,0,0,1,0,0,1,0,1,1,5,1,0,0,0,4,1,0,1,3,3,0,2,2,1,1,0,1,0,2,2,0,0,0,0,1,9,0,0,1,2,0,3,0,0,1,0,0,0,0,3,1,0,0,0,0,0,0,5,1,3,0,0,16,8
청소년보호법,22,26,21,43,76,52,62,38,69,43,55,77,58,42,39,78,51,44,51,33,66,40,72,77,85,40,16,8,13,71,50,38,43,47,41,30,8,24,27,41,19,30,37,45,23,92,47,101,23,31,9,78,61,46,77,103,75,5,0,23,58,22,74,85,61,50,97,54,54,59,35,81,24,21,127,189,123,139,77,186,130,42,81,117,79,136,44,55,85,47,66,85,121,50,73,107,108,29,128,72,31,111,52,34,24,32,41,60,10,25,106,71,66,49,36,55,36,25,15,746,427
총포·도검·화약류등의 안전관리에 관한법률,18,4,1,2,2,14,0,3,2,2,3,3,18,0,3,4,1,3,3,1,1,3,5,1,0,0,9,0,0,1,0,0,0,2,2,1,6,1,1,2,1,1,2,1,3,2,2,17,1,10,0,1,1,0,1,4,1,1,0,0,1,0,0,1,1,0,1,0,0,0,1,4,1,1,8,6,3,0,1,7,6,0,5,2,0,6,10,4,3,3,0,0,2,1,1,3,2,2,1,7,0,3,3,1,2,2,2,1,1,0,3,5,3,0,0,2,0,1,3,41,33
최저임금법,11,11,3,14,4,10,9,4,3,4,4,1,5,15,5,9,14,13,6,5,13,16,27,17,7,2,2,1,1,8,6,2,3,9,1,3,3,6,4,2,7,4,12,7,3,15,9,5,10,4,1,7,4,1,13,16,4,0,0,3,9,3,3,6,4,0,2,0,3,3,0,13,2,6,13,7,5,5,15,6,9,5,19,16,7,11,6,11,8,17,2,14,5,2,2,8,10,3,10,2,8,15,6,4,3,5,3,2,2,1,0,8,3,9,1,4,0,0,1,102,27
축산물위생관리법,3,1,2,4,0,23,0,0,0,0,0,1,0,4,0,4,4,0,1,0,2,1,0,1,0,0,0,1,0,2,2,4,1,1,2,4,4,1,1,1,0,1,2,2,6,10,3,2,4,1,0,2,3,1,5,3,6,0,0,0,1,0,9,1,7,2,4,7,7,0,0,0,0,2,9,5,19,5,5,12,17,4,0,13,3,9,3,0,3,1,3,3,2,0,5,6,9,0,6,0,2,7,0,2,1,2,2,0,1,0,7,6,3,9,5,1,3,0,2,94,40
출입국관리법,20,24,35,7,13,8,14,6,12,7,11,6,6,16,26,17,15,15,20,5,22,24,37,27,9,29,4,6,7,24,2,4,2,9,11,0,8,2,3,8,10,1,11,2,5,11,3,17,20,145,1,51,11,12,20,14,7,1,3,2,19,6,8,39,1,3,7,8,2,4,1,29,8,25,40,64,37,18,20,33,107,9,24,81,15,62,90,11,29,17,19,21,74,12,10,13,120,36,72,21,6,37,66,12,6,24,34,6,18,8,35,41,44,33,41,20,13,2,22,681,1074
통신비밀보호법,5,2,4,1,0,3,2,2,1,3,1,2,2,5,1,0,2,2,4,1,2,5,4,6,1,1,0,0,2,3,0,0,3,4,1,1,1,3,1,1,0,1,3,1,0,3,3,2,0,2,0,3,2,1,3,3,3,0,0,0,3,1,0,2,0,0,8,5,0,0,0,3,0,1,4,5,1,2,1,4,2,2,1,3,2,6,3,2,2,1,2,2,0,4,2,2,2,2,1,2,0,4,2,1,1,3,0,0,1,1,4,3,4,0,2,0,0,0,0,34,13
특가법(도주차량),2,4,5,2,1,4,4,3,11,0,1,1,1,1,4,8,3,7,10,6,5,15,6,3,5,0,0,1,2,3,0,3,0,2,0,2,1,0,2,0,2,1,10,0,1,3,0,0,0,5,1,1,1,4,2,6,4,3,0,1,1,4,2,0,1,0,3,1,0,0,0,0,0,1,7,6,6,18,2,10,2,4,0,6,0,3,1,0,0,0,4,0,1,0,2,7,4,1,3,2,1,0,5,0,0,0,3,0,0,1,10,6,8,2,4,2,2,0,0,59,27
특허법,1,2,1,4,0,2,1,1,0,0,0,0,0,1,5,5,2,5,1,0,0,2,9,0,1,0,0,0,0,0,0,1,1,0,0,1,1,0,0,4,1,0,0,0,0,1,0,0,0,6,0,6,0,1,1,3,1,0,0,0,1,1,1,5,4,0,0,1,2,1,0,0,1,1,9,0,6,1,3,2,1,0,3,4,1,6,0,1,0,1,1,1,3,0,0,0,2,0,1,0,2,8,0,0,0,0,0,0,0,0,4,5,2,0,0,0,1,1,4,40,25
폐기물관리법,0,0,2,6,1,1,1,4,0,1,0,1,0,0,0,3,0,0,0,0,1,0,0,0,1,0,0,1,0,1,0,3,0,1,8,4,18,1,1,5,26,0,3,1,0,6,3,2,21,9,1,30,5,3,3,3,6,6,3,0,3,6,1,11,1,3,3,1,6,0,0,8,1,30,2,4,10,6,4,15,18,5,24,6,7,23,11,2,0,48,8,22,37,3,14,11,40,50,72,4,2,50,7,13,2,1,4,6,16,7,38,42,53,21,16,2,4,6,5,584,350
풍속영업의 규제에 관한법률,0,0,0,0,3,0,0,0,1,0,0,0,0,0,0,0,0,1,9,0,2,0,8,2,3,0,0,0,2,4,0,0,0,0,0,0,0,0,0,1,0,0,1,0,0,0,1,0,0,0,0,0,0,0,0,0,2,0,0,0,0,0,0,0,0,1,0,0,1,0,0,0,1,0,3,2,4,2,1,0,4,1,0,4,0,6,0,0,0,0,0,0,0,0,0,3,0,0,0,0,2,0,0,0,0,0,0,0,0,0,0,0,1,0,0,10,0,0,0,1,0
하천법,0,0,0,0,0,0,0,1,0,0,0,0,0,0,0,0,0,0,1,0,0,0,0,1,0,0,0,0,0,0,0,0,0,1,0,0,1,0,0,1,1,0,0,0,0,0,0,1,0,0,0,0,0,0,0,0,0,0,0,0,1,1,0,2,0,1,0,0,0,1,1,0,2,0,0,0,3,0,1,2,0,1,0,0,0,6,1,0,0,0,0,0,1,0,5,0,0,2,7,0,0,5,0,0,0,0,0,1,1,1,3,0,0,13,0,0,0,4,0,95,97
학교보건법,0,0,0,0,0,0,0,0,0,0,0,0,3,0,0,0,0,0,0,0,0,0,0,0,0,0,0,0,0,0,0,0,0,0,0,0,0,0,0,0,0,0,0,0,0,0,0,0,0,0,0,0,0,0,0,0,6,0,0,0,0,0,0,0,0,0,0,0,0,0,0,0,0,0,0,0,0,0,0,0,0,0,0,0,0,0,0,0,0,0,0,0,0,0,0,0,0,0,0,0,0,0,0,0,0,0,0,0,0,0,0,0,0,0,0,0,0,0,0,0,0
학원의설립운영및과외교습에관한법률,4,1,1,1,7,5,1,4,0,1,11,1,1,10,6,2,2,3,5,5,2,11,18,13,5,0,0,2,0,3,1,2,2,2,1,1,0,1,3,0,1,1,4,1,1,0,8,1,0,1,0,3,1,9,4,2,1,1,0,0,1,1,1,2,4,0,8,3,1,5,2,2,2,0,10,16,8,6,2,3,2,0,4,4,2,8,11,3,0,0,1,2,3,0,1,5,2,1,2,3,2,4,0,4,1,3,0,0,2,0,22,3,2,2,1,1,0,0,0,44,10
화물자동차운수사업법,16,77,12,29,64,34,7,32,11,14,34,11,7,6,16,22,13,23,22,10,15,16,18,66,16,1,2,4,4,12,5,5,3,5,5,8,2,7,7,6,2,11,12,10,5,15,10,22,18,25,1,29,18,7,41,22,15,0,0,2,4,3,12,32,2,4,10,2,4,3,2,10,32,5,102,54,61,9,43,13,16,12,14,16,2,54,2,7,23,4,12,3,20,29,11,5,36,7,10,12,45,94,14,28,1,10,14,5,1,2,36,20,14,8,8,27,8,3,6,227,100
화재로 인한 재해보상과 보험가입에 관한법률,0,0,0,0,0,0,0,0,0,0,0,0,0,0,0,0,0,0,0,0,0,0,0,0,0,0,0,0,0,0,0,0,0,0,0,0,0,0,0,0,0,0,0,0,0,0,0,0,0,0,0,0,0,0,0,0,0,0,0,0,0,0,0,0,0,0,0,0,0,0,0,0,0,0,0,0,0,0,0,0,0,0,0,0,0,0,0,0,0,0,0,0,0,0,0,0,0,0,0,0,1,0,0,0,0,0,0,0,0,0,0,0,0,0,1,0,0,0,9,1,1
화재예방·소방시설설치유지 및 안전관리에 관한법률,0,0,2,4,5,3,1,0,0,1,0,1,1,0,1,1,1,0,8,1,0,1,5,2,1,1,0,1,0,5,2,1,1,1,1,1,0,0,1,3,3,6,1,0,0,1,3,2,0,1,1,8,3,2,4,2,4,0,0,0,0,0,2,0,2,7,0,0,2,0,4,1,0,1,23,5,11,4,2,8,11,1,4,4,0,10,6,2,15,2,0,1,13,2,6,4,4,2,14,7,6,10,3,5,1,3,1,0,1,2,6,6,14,4,6,5,4,2,2,130,24
화학물질관리법,0,5,0,5,4,1,1,1,4,1,1,0,1,0,2,5,6,3,8,1,6,10,59,1,5,0,0,1,0,3,3,1,0,3,2,0,16,0,1,5,0,0,5,2,0,12,0,2,2,0,0,15,7,1,12,0,2,0,0,1,0,2,2,5,0,3,1,1,2,1,3,5,0,3,7,7,16,2,10,4,9,2,1,62,2,6,2,2,3,3,7,2,14,2,1,4,11,0,7,2,1,4,4,7,0,1,7,1,1,2,1,11,10,9,3,1,4,3,3,91,32
기타 특별법,260,253,281,167,303,282,273,238,239,205,323,247,152,291,207,463,381,268,393,209,365,637,789,490,264,516,83,370,431,409,161,239,153,589,254,218,1605,185,152,215,625,158,223,174,131,254,220,586,167,1009,53,606,535,265,721,507,275,187,95,90,243,99,408,207,254,132,372,217,146,149,91,1311,127,166,878,970,662,600,432,759,1195,172,434,867,163,1045,573,255,354,234,2418,350,815,4316,235,367,941,224,326,184,160,434,182,149,132,143,215,253,123,90,571,706,356,224,190,160,182,122,145,6714,6212
